1.

SELECT title FROM articles WHERE author_id = (SELECT id FROM authors WHERE name = 'Kara Melton');

# output:
How Tech Business Models Come From Marginalized Communities, But Startups Are Still Mostly White
Confronting the Assumption of Whiteness in Virtual Spaces

2.

SELECT name FROM cities WHERE province_id = (SELECT id FROM provinces WHERE name = 'Ontario');

# output:

name
---------
Toronto
Ottawa
(2 rows)

3.

SELECT name FROM authors where id = (SELECT author_id FROM articles WHERE title ='Coding Bootcamps and Emotional Labor');

# output:

name
-------------------
Tilde Ann Thurium
(1 row)


4.

SELECT COUNT(DISTINCT name) FROM provinces where country_id = (SELECT id FROM countries WHERE name = 'Canada');

# output:

count
-------
   13
(1 row)

5.

SELECT COUNT(name) FROM persons WHERE residence_id = (SELECT id FROM residences WHERE address ='4740 McDermott Street');

# output:

count
-------
    2
(1 row)

6.

SELECT name FROM cities WHERE id = (SELECT city_id FROM residences WHERE address ='4740 McDermott Street');

#output:

name
--------
Ottawa
(1 row)


7.

SELECT name FROM provinces WHERE id = (SELECT province_id FROM cities WHERE id = (SELECT city_id FROM residences WHERE address ='4740 McDermott Street'));

# output:

name
---------
Ontario
(1 row)

8.

SELECT name FROM countries WHERE id = (SELECT country_id FROM provinces WHERE id = (SELECT province_id FROM cities WHERE id = (SELECT city_id FROM residences WHERE address ='4740 McDermott Street')));

# output:

name
--------
Canada
(1 row)


9.


SELECT name FROM countries WHERE id = (SELECT country_id FROM provinces WHERE id = (SELECT province_id FROM cities WHERE id = (SELECT city_id FROM residences WHERE id = (SELECT residence_id FROM persons WHERE name = 'Destini Davis'))));

# output:

name
--------
Canada
(1 row)


10.

SELECT COUNT(id) FROM articles WHERE author_id = (SELECT id FROM authors WHERE name = 'Aditya Mukherjee');

# output:

count
-------
    1
(1 row)
